id;codigo;id_proceso;id_tipo_doc;nom_doc;ruta;ruta_content_type;id_estado;version
1;37454;79654;95071;application;../data/blob/hipster.png;image/png;59865;59685
2;15601;44583;15599;Practical Fresh Pants;../data/blob/hipster.png;image/png;60111;14286
3;70807;65088;2058;Producer;../data/blob/hipster.png;image/png;83244;93855
4;21233;77;18182;Soap methodology Albania;../data/blob/hipster.png;image/png;43194;2306
5;29122;52477;61185;Steel zero administration;../data/blob/hipster.png;image/png;36636;23277
6;45606;9060;78517;grey Cambridgeshire;../data/blob/hipster.png;image/png;59241;46676
7;4645;85994;60754;Table Small Frozen Sausages Planner;../data/blob/hipster.png;image/png;80839;38541
8;30461;1596;9767;Nakfa;../data/blob/hipster.png;image/png;44015;68326
9;12203;60999;49517;Games Regional Digitized;../data/blob/hipster.png;image/png;66252;75536
10;31171;42515;52006;Mayotte;../data/blob/hipster.png;image/png;18485;3131
