id;nom_formato;ruta_formato;ruta_formato_content_type;id_doc
1;withdrawal Club Nebraska;../data/blob/hipster.png;image/png;73682
2;Pennsylvania Michigan;../data/blob/hipster.png;image/png;56445
3;empower;../data/blob/hipster.png;image/png;33744
4;Dynamic Home Loan Account;../data/blob/hipster.png;image/png;24435
5;Cambridgeshire methodology;../data/blob/hipster.png;image/png;93369
6;Music;../data/blob/hipster.png;image/png;22533
7;24/7;../data/blob/hipster.png;image/png;48780
8;hacking;../data/blob/hipster.png;image/png;8788
9;digital;../data/blob/hipster.png;image/png;5565
10;bypassing Sleek Steel Shirt Rand Namibia Dollar;../data/blob/hipster.png;image/png;99725
